SampleID,Individual_ID,Oncogene_Positive_Alteration,TCGA.RNAseq,TCGA.drivers.events,TCGA.drivers.genes,nb.putative.oncogene,known.oncogenes,genetic.event,signature,Purity,signature.4,X_OS,X_OS_IND,pathologic_stage,gender,tobacco_smoking_history
TCGA.05.4249.01,LUAD-TCGA-05-4249,KRAS_g.chr12:25398285C>A_p.G12C,TCGA-05-4249-01,KRAS_g,KRAS,1,KRAS,SNV,0.764586347685489,0.49,0.929874637374092,1523,0,Stage IB,MALE,Current reformed smoker for > 15 years
TCGA.05.4250.01,LUAD-TCGA-05-4250,KRAS_g.chr12:25398285C>A_p.G12C,TCGA-05-4250-01,KRAS_g,KRAS,1,KRAS,SNV,0.658569702025115,0.5,0.481140563123735,121,1,Stage IIIA,FEMALE,Current reformed smoker for < or = 15 years
TCGA.05.4384.01,LUAD-TCGA-05-4384,RIT1_g.chr1:155874261C>A_p.M90I,TCGA-05-4384-01,RIT1_g,RIT1,1,RIT1,SNV,0.536562915039062,0.49,0.567207083351253,426,0,Stage IIIA,MALE,Current reformed smoker for > 15 years
TCGA.05.4389.01,LUAD-TCGA-05-4389,BRAF_g.chr7:140481402C>A_p.G469V,TCGA-05-4389-01,BRAF_g,BRAF,1,BRAF_act,SNV,0.447999134107619,0.48,0.347432581605376,1369,0,Stage IA,MALE,Current reformed smoker for > 15 years
TCGA.05.4390.01,LUAD-TCGA-05-4390,KRAS_g.chr12:25398284C>A_p.G12V,TCGA-05-4390-01,KRAS_g,KRAS,1,KRAS,SNV,0.761983575651418,0.57,0.876361235963989,1126,0,Stage IB,FEMALE,Current reformed smoker for < or = 15 years
TCGA.05.4395.01,LUAD-TCGA-05-4395,KRAS_g.chr12:25398284C>A_p.G12V,TCGA-05-4395-01,KRAS_g,KRAS,1,KRAS,SNV,0.719793762884026,0.61,0.557870589909291,0,1,Stage IIIB,MALE,Current reformed smoker for > 15 years
TCGA.05.4396.01,LUAD-TCGA-05-4396,SOS1_g.chr2:39262581C>A_p.D309Y,TCGA-05-4396-01,SOS1_g,SOS1,1,None,None,0.509582940940003,0.82,0.421564028541549,303,1,Stage IIIB,MALE,Current reformed smoker for > 15 years
TCGA.05.4397.01,LUAD-TCGA-05-4397,None,TCGA-05-4397-01,None,None,0,None,None,0.161046407229802,0.87,0.0546066338477423,731,1,Stage IIB,MALE,Current smoker
TCGA.05.4403.01,LUAD-TCGA-05-4403,KRAS_g.chr12:25398285C>A_p.G12C,TCGA-05-4403-01,KRAS_g,KRAS,1,KRAS,SNV,0.671745711802658,0.46,0.631316411641169,578,0,Stage IB,MALE,Current reformed smoker for > 15 years
TCGA.05.4415.01,LUAD-TCGA-05-4415,KRAS_g.chr12:25398285C>A_p.G12C,TCGA-05-4415-01,KRAS_g,KRAS,1,KRAS,SNV,0.768313610164297,0.67,0.769477154472365,91,1,Stage IIIB,MALE,Current reformed smoker for < or = 15 years
TCGA.05.4418.01,LUAD-TCGA-05-4418,KRAS_g.chr12:25398285C>A_p.G12C,TCGA-05-4418-01,KRAS_g,KRAS,1,KRAS,SNV,0.632452627003631,0.55,0.43786461650769,274,1,Stage IIIA,MALE,Current smoker
TCGA.05.4420.01,LUAD-TCGA-05-4420,HRAS_g.chr11:533874T>A_p.Q61L,TCGA-05-4420-01,HRAS_g,HRAS,1,None,None,0.752548111320431,0.59,0.780697539259799,912,0,Stage IB,MALE,Current smoker
TCGA.05.4422.01,LUAD-TCGA-05-4422,None,TCGA-05-4422-01,None,None,0,None,None,0.32807507856336,0.62,0.420034196306797,365,0,Stage IB,MALE,Current reformed smoker for < or = 15 years
TCGA.05.4426.01,LUAD-TCGA-05-4426,ROS1__SLC34A2__ROS1,TCGA-05-4426-01,ROS1__SLC34A2__ROS1,ROS1,1,ROS1,fusion,0.510551991136737,0.7,0.691705417770852,791,0,Stage IB,MALE,Current reformed smoker for > 15 years
TCGA.05.4427.01,LUAD-TCGA-05-4427,KRAS_g.chr12:25398284C>A_p.G12V;RAF1_g.chr3:12645699G>C_p.S257W,TCGA-05-4427-01,KRAS_g,KRAS,2,KRAS,SNV,0.76097375404165,0.47,0.818652986198397,791,0,Stage IIB,FEMALE,Current reformed smoker for < or = 15 years
TCGA.05.4433.01,LUAD-TCGA-05-4433,KRAS_g.chr12:25398284C>A_p.G12V,TCGA-05-4433-01,KRAS_g,KRAS,1,KRAS,SNV,0.712485258585046,0.62,0.688583367652877,730,0,Stage IB,MALE,Current reformed smoker for > 15 years
TCGA.05.4434.01,LUAD-TCGA-05-4434,ERBB2_g.chr17:37880997_37880998insTAT_p.776_776G>VC,TCGA-05-4434-01,ERBB2_g,ERBB2,1,ERBB2,SNV,0.541642004738624,0.45,0.626400471826212,457,1,Stage IV,FEMALE,Current smoker
TCGA.05.5423.01,LUAD-TCGA-05-5423,EGFR_g.chr7:55259441G>T_p.L833F;EGFR_g.chr7:55259524T>A_p.L861Q,TCGA-05-5423-01,EGFR_g,EGFR,2,EGFR,SNV,0.414502915238719,0.59,0.483439623289666,151,0,Stage IIB,MALE,Current reformed smoker for > 15 years
TCGA.05.5428.01,LUAD-TCGA-05-5428,BRAF_g.chr7:140453155C>T_p.D594N,TCGA-05-5428-01,BRAF_g,BRAF,1,BRAF.non,SNV,0.39829193179117,0.63,0.573614125063491,670,0,Stage IIA,MALE,Current reformed smoker for > 15 years
TCGA.05.5429.01,LUAD-TCGA-05-5429,None,TCGA-05-5429-01,None,None,0,None,None,0.582514404254525,0.82,0.471932361331602,275,1,Stage IIIA,MALE,Lifelong Non-smoker
TCGA.05.5715.01,LUAD-TCGA-05-5715,ERBB2_g.chr17:37880981_37880982insGCATACGTGATG_p.771_771A>AYVMA,TCGA-05-5715-01,ERBB2_g,ERBB2,1,ERBB2,SNV,0.584647546828955,0.73,0.828605662906502,62,0,Stage IB,FEMALE,Lifelong Non-smoker
TCGA.35.3615.01,LUAD-TCGA-35-3615,KRAS_g.chr12:25398285C>A_p.G12C,TCGA-35-3615-01,KRAS_g,KRAS,1,KRAS,SNV,0.518523269548035,0.69,0.610061566639716,14,0,Stage IB,MALE,Lifelong Non-smoker
TCGA.35.5375.01,LUAD-TCGA-35-5375,None,TCGA-35-5375-01,None,None,0,None,None,0.177581035930225,0.58,0.0351059883531246,264,0,Stage IIIA,MALE,Current reformed smoker for < or = 15 years
TCGA.38.4628.01,LUAD-TCGA-38-4628,EGFR_g.chr7:55242465_55242479delGGAATTAAGAGAAGC_p.ELREA746del,TCGA-38-4628-01,EGFR_g,EGFR,1,EGFR,SNV,0.580967151248691,0.5,0.952007142982723,1492,1,Stage IIB,FEMALE,Lifelong Non-smoker
TCGA.38.4630.01,LUAD-TCGA-38-4630,ERBB2_CN_High,TCGA-38-4630-01,ERBB2_CN_High,ERBB2,1,ERBB2,CNV,0.0153940806309857,0.79,0,1073,1,Stage IB,FEMALE,Lifelong Non-smoker
TCGA.38.4631.01,LUAD-TCGA-38-4631,NF1_g.chr17:29654692A>T_p.Q1815L;MET_CN_High,TCGA-38-4631-01,NF1_g,NF1,2,NF1,SNV,0.459425253068515,0.49,0.316682533599374,354,1,Stage IB,FEMALE,Current reformed smoker for < or = 15 years
TCGA.44.2666.01,LUAD-TCGA-44-2666,BRAF_g.chr7:140453136A>T_p.V600E,TCGA-44-2666-01,BRAF_g,BRAF,1,BRAF_act,SNV,0.66379887800181,0.59,0.706196045413287,97,1,Stage IB,MALE,Current smoker
TCGA.44.3919.01,LUAD-TCGA-44-3919,ERBB2_g.chr17:37880981_37880982insGCATACGTGATG_p.771_771A>AYVMA,TCGA-44-3919-01,ERBB2_g,ERBB2,1,ERBB2,SNV,0.565797308699196,0.51,0.716636713089089,190,0,Stage IA,FEMALE,Lifelong Non-smoker
TCGA.44.4112.01,LUAD-TCGA-44-4112,ARHGAP35_g.chr19:47491246G>T_p.G1276V,TCGA-44-4112-01,ARHGAP35_g,ARHGAP35,1,None,None,0.604716188012866,0.55,0.796821902577673,370,0,Stage IB,FEMALE,Current reformed smoker for > 15 years
TCGA.44.5643.01,LUAD-TCGA-44-5643,None,TCGA-44-5643-01,None,None,0,None,None,0.232214663989185,0.56,0.282579103811785,417,0,Stage IIIA,MALE,Current smoker
TCGA.44.5644.01,LUAD-TCGA-44-5644,NF1_g.chr17:29548883C>T_p.H553Y;ARHGAP35_g.chr19:47424817G>C_p.S962T;MAPK1_CN_High,TCGA-44-5644-01,NF1_g,NF1,3,NF1,SNV,0.560123576137626,0.75,0.534926904348481,498,0,Stage IB,FEMALE,Current smoker
TCGA.44.5645.01,LUAD-TCGA-44-5645,EGFR_g.chr7:55248998_55248999insTGGCCAGCG_p.769_770insASV,TCGA-44-5645-01,EGFR_g,EGFR,1,EGFR,SNV,0.502150921315975,0.54,0.642871535772539,383,0,Stage IA,FEMALE,Current reformed smoker for > 15 years
TCGA.44.6146.01,LUAD-TCGA-44-6146,KRAS_g.chr12:25398284C>A_p.G12V,TCGA-44-6146-01,KRAS_g,KRAS,1,KRAS,SNV,0.660022034684203,0.7,0.558956616410767,302,0,Stage IIB,MALE,Current reformed smoker for > 15 years
TCGA.44.6147.01,LUAD-TCGA-44-6147,EGFR_g.chr7:55249005G>T_p.S768I;EGFR_g.chr7:55249007G>T_p.V769L,TCGA-44-6147-01,EGFR_g,EGFR,2,EGFR,SNV,0.455406522483,0.47,0.530787118709016,441,0,Stage IA,FEMALE,Current reformed smoker for > 15 years
TCGA.44.6774.01,LUAD-TCGA-44-6774,BRAF_g.chr7:140453193T>C_p.N581S,TCGA-44-6774-01,BRAF_g,BRAF,1,BRAF.non,SNV,0.417923370065853,0.45,0.470771543876447,361,0,Stage IIIA,FEMALE,Current smoker
TCGA.44.6776.01,LUAD-TCGA-44-6776,KRAS_g.chr12:25398284C>T_p.G12D,TCGA-44-6776-01,KRAS_g,KRAS,1,KRAS,SNV,0.481532595010008,0.65,0.57021090899829,1938,0,Stage IA,FEMALE,Current reformed smoker for < or = 15 years
TCGA.44.6779.01,LUAD-TCGA-44-6779,RIT1_g.chr1:155874531_155874532insGTATCCAAA_p.76_76T>TLDT,TCGA-44-6779-01,RIT1_g,RIT1,1,RIT1,SNV,0.290559955641201,0.6,0.126323199566874,500,1,Stage IIB,FEMALE,Current reformed smoker for < or = 15 years
TCGA.44.7659.01,LUAD-TCGA-44-7659,KRAS_g.chr12:25398285C>A_p.G12C,TCGA-44-7659-01,KRAS_g,KRAS,1,KRAS,SNV,0.73862615607992,0.56,0.880978864439617,444,0,Stage IA,MALE,Current smoker
TCGA.44.7660.01,LUAD-TCGA-44-7660,None,TCGA-44-7660-01,None,None,0,None,None,0.382078616379589,0.58,0.193833202773283,325,0,Stage IB,MALE,Current smoker
TCGA.44.7669.01,LUAD-TCGA-44-7669,None,TCGA-44-7669-01,None,None,0,None,None,0.238127228007081,0.5,0.0647430453733574,574,1,Stage IIA,MALE,Current smoker
TCGA.44.7670.01,LUAD-TCGA-44-7670,VAV1_g.chr19:6773018C>A_p.S67Y,TCGA-44-7670-01,VAV1_g,VAV1,1,None,None,0.593050100774529,0.5,0.644902601478891,531,0,Stage IIA,FEMALE,Current smoker
TCGA.44.7671.01,LUAD-TCGA-44-7671,KRAS_g.chr12:25398285C>A_p.G12C,TCGA-44-7671-01,KRAS_g,KRAS,1,KRAS,SNV,0.593906698683668,0.58,0.597400981804188,535,0,Stage IB,MALE,Current reformed smoker for > 15 years
TCGA.44.8117.01,LUAD-TCGA-44-8117,None,TCGA-44-8117-01,None,None,0,None,None,0.645103145412763,0.66,0.805034789071315,385,0,Stage IB,FEMALE,Current reformed smoker for < or = 15 years
TCGA.44.8119.01,LUAD-TCGA-44-8119,NF1_g.chr17:29486064C>G_p.L81V,TCGA-44-8119-01,NF1_g,NF1,1,NF1,SNV,0.527515029575478,0.55,0.199482990984587,99,0,Stage IIB,MALE,Current smoker
TCGA.44.8120.01,LUAD-TCGA-44-8120,None,TCGA-44-8120-01,None,None,0,None,None,0.534197557960876,0.54,0.554850514289298,260,0,Stage IB,MALE,Current Reformed Smoker Duration Not Specified
TCGA.44.A47B.01,LUAD-TCGA-44-A47B,ERBB2_g.chr17:37880981_37880982insGCATACGTGATG_p.771_771A>AYVMA,TCGA-44-A47B-01,ERBB2_g,ERBB2,1,ERBB2,SNV,0.698675106456038,0.5,0.76748483805659,287,0,Stage IB,MALE,Current reformed smoker for > 15 years
TCGA.44.A4SU.01,LUAD-TCGA-44-A4SU,EGFR_g.chr7:55241707G>T_p.G719C;EGFR_g.chr7:55249005G>T_p.S768I,TCGA-44-A4SU-01,EGFR_g,EGFR,2,EGFR,SNV,0.577372804581135,0.59,0.673743642372811,409,1,Stage IA,FEMALE,Current reformed smoker for < or = 15 years
TCGA.49.4486.01,LUAD-TCGA-49-4486,ARHGAP35_g.chr19:47422425G>A_p.D165N,TCGA-49-4486-01,ARHGAP35_g,ARHGAP35,1,None,None,0.200028387910006,0.73,0.0126659851865992,2318,1,Stage IA,MALE,Current reformed smoker for > 15 years
TCGA.49.4488.01,LUAD-TCGA-49-4488,NF1_g.chr17:29553702G>T_p.G751*,TCGA-49-4488-01,NF1_g,NF1,1,NF1,SNV,0.569400676954364,0.45,0.693606323299143,869,1,Stage IA,FEMALE,Current reformed smoker for > 15 years
TCGA.49.4494.01,LUAD-TCGA-49-4494,EGFR_g.chr7:55249071C>T_p.T790M;EGFR_g.chr7:55259515T>G_p.L858R,TCGA-49-4494-01,EGFR_g,EGFR,2,EGFR,SNV,0.610034592090354,0.46,0.775589013793788,1081,1,Stage IIIA,MALE,Current reformed smoker for > 15 years
TCGA.49.4505.01,LUAD-TCGA-49-4505,KRAS_g.chr12:25398285C>A_p.G12C,TCGA-49-4505-01,KRAS_g,KRAS,1,KRAS,SNV,0.668526433514106,0.45,0.679537578739074,428,1,Stage IIB,FEMALE,Current reformed smoker for < or = 15 years
TCGA.49.4510.01,LUAD-TCGA-49-4510,KRAS_g.chr12:25398284C>T_p.G12D,TCGA-49-4510-01,KRAS_g,KRAS,1,KRAS,SNV,0.588615354473682,0.64,0.665114676185963,896,1,Stage IIB,FEMALE,Current smoker
TCGA.49.6742.01,LUAD-TCGA-49-6742,None,TCGA-49-6742-01,None,None,0,None,None,0.416302106744014,0.49,0.436293137406426,445,0,Stage IIB,MALE,Current reformed smoker for > 15 years
TCGA.49.AAR9.01,LUAD-TCGA-49-AAR9,None,TCGA-49-AAR9-01,None,None,0,None,None,0.551571193251808,0.75,0.39072318415023,260,1,Stage IIB,MALE,Current smoker
TCGA.49.AARQ.01,LUAD-TCGA-49-AARQ,KRAS_g.chr12:25398284C>A_p.G12V,TCGA-49-AARQ-01,KRAS_g,KRAS,1,KRAS,SNV,0.491908199872326,0.52,0.664747209418969,6443,0,Stage I,FEMALE,Current reformed smoker for < or = 15 years
TCGA.49.AARR.01,LUAD-TCGA-49-AARR,None,TCGA-49-AARR-01,None,None,0,None,None,0.390045416840991,0.97,0.404802605655976,4630,0,Stage IA,MALE,Current reformed smoker for > 15 years
TCGA.4B.A93V.01,LUAD-TCGA-4B-A93V,KRAS_g.chr12:25398285C>A_p.G12C,TCGA-4B-A93V-01,KRAS_g,KRAS,1,KRAS,SNV,0.483132927964654,0.62,0.268858346900021,254,0,Stage IA,FEMALE,Current reformed smoker for < or = 15 years
TCGA.50.5051.01,LUAD-TCGA-50-5051,KRAS_g.chr12:25398285C>A_p.G12C,TCGA-50-5051-01,KRAS_g,KRAS,1,KRAS,SNV,0.803096807095928,0.59,0.879646652709908,478,1,Stage IIIA,FEMALE,Current reformed smoker for < or = 15 years
TCGA.50.5930.01,LUAD-TCGA-50-5930,BRAF_g.chr7:140453149C>G_p.G596R,TCGA-50-5930-01,BRAF_g,BRAF,1,BRAF.non,SNV,0.250978244520517,0.95,0.0145637943362841,282,1,Stage IIIA,MALE,
TCGA.50.5931.01,LUAD-TCGA-50-5931,FGFR1_CN_High,TCGA-50-5931-01,FGFR1_CN_High,FGFR1,1,None,None,0.414630604281134,0.86,0.231144447723618,434,1,Stage IB,FEMALE,Current reformed smoker for < or = 15 years
TCGA.50.5932.01,LUAD-TCGA-50-5932,KRAS_g.chr12:25398285C>A_p.G12C,TCGA-50-5932-01,KRAS_g,KRAS,1,KRAS,SNV,0.632974437308722,0.84,0.829248544476518,1235,1,Stage IIB,MALE,
TCGA.50.5936.01,LUAD-TCGA-50-5936,KRAS_g.chr12:25398285C>A_p.G12C,TCGA-50-5936-01,KRAS_g,KRAS,1,KRAS,SNV,0.70864977168468,0.6,0.587249032494952,257,1,Stage IIIA,MALE,
TCGA.50.5942.01,LUAD-TCGA-50-5942,BRAF_g.chr7:140453136A>T_p.V600E,TCGA-50-5942-01,BRAF_g,BRAF,1,BRAF_act,SNV,0.740937829391815,0.69,0.922410235554969,883,0,Stage IA,FEMALE,Current reformed smoker for < or = 15 years
TCGA.50.5944.01,LUAD-TCGA-50-5944,EGFR_g.chr7:55259515T>G_p.L858R,TCGA-50-5944-01,EGFR_g,EGFR,1,EGFR,SNV,0.603226154319673,0.57,0.850930993890285,764,0,Stage IA,FEMALE,
TCGA.50.5946.01,LUAD-TCGA-50-5946,BRAF_g.chr7:140481402C>A_p.G469V;NF1_g.chr17:29586106delT_p.P1463fs,TCGA-50-5946-01,BRAF_g,BRAF,2,BRAF_act,SNV,0.652136448097134,0.75,0.812528603285784,686,0,Stage IA,MALE,Current reformed smoker for < or = 15 years
TCGA.50.6591.01,LUAD-TCGA-50-6591,EGFR_g.chr7:55242490_55242507delAAAGCCAACAAGGAAATC_p.KANKEI754del;EGFR_g.chr7:55259439T>G_p.L833V,TCGA-50-6591-01,EGFR_g,EGFR,2,EGFR,SNV,0.729886307230988,0.9,0.948935685828116,119,1,Stage IV,FEMALE,Lifelong Non-smoker
TCGA.50.6594.01,LUAD-TCGA-50-6594,BRAF_g.chr7:140481411C>A_p.G466V,TCGA-50-6594-01,BRAF_g,BRAF,1,BRAF.non,SNV,0.225779549076544,0.6,0.167132325780642,370,1,Stage IIIA,FEMALE,Current reformed smoker for < or = 15 years
TCGA.50.6597.01,LUAD-TCGA-50-6597,MET_g.chr7:116412042_116412045delAGGT_p.G1028fs,TCGA-50-6597-01,MET_g,MET,1,MET,SNV,0.496102022047749,0.48,0.533504167130885,1015,0,Stage IB,FEMALE,Lifelong Non-smoker
TCGA.50.8457.01,LUAD-TCGA-50-8457,KRAS_g.chr12:25398284C>G_p.G12A;NF1_g.chr17:29663690G>C_p.C2062S,TCGA-50-8457-01,KRAS_g,KRAS,2,KRAS,SNV,0.684620666504798,0.6,0.833062966651855,779,0,Stage IA,FEMALE,Current reformed smoker for < or = 15 years
TCGA.53.7624.01,LUAD-TCGA-53-7624,None,TCGA-53-7624-01,None,None,0,None,None,0.0534550360262072,0.69,0.015441466725653,1043,1,Stage IV,FEMALE,Current smoker
TCGA.53.A4EZ.01,LUAD-TCGA-53-A4EZ,BRAF_g.chr7:140453155C>T_p.D594N,TCGA-53-A4EZ-01,BRAF_g,BRAF,1,BRAF.non,SNV,0.397661747768052,0.47,0.409398421744913,280,0,Stage IIA,MALE,Current reformed smoker for > 15 years
TCGA.55.1592.01,LUAD-TCGA-55-1592,NF1_g.chr17:29657349G>A_p.C1882Y;ERBB2_CN_High,TCGA-55-1592-01,NF1_g,NF1,2,NF1,SNV,0.339819392525223,0.49,0.289260157839725,701,1,Stage IA,MALE,Current reformed smoker for < or = 15 years
TCGA.55.1594.01,LUAD-TCGA-55-1594,None,TCGA-55-1594-01,None,None,0,None,None,0.437002921048524,0.55,0.677147711901684,1178,0,Stage IIIA,MALE,Current smoker
TCGA.55.1595.01,LUAD-TCGA-55-1595,KRAS_g.chr12:25398285C>A_p.G12C,TCGA-55-1595-01,KRAS_g,KRAS,1,KRAS,SNV,0.761244967684555,0.52,0.922433866217358,1479,0,Stage IA,FEMALE,Current reformed smoker for < or = 15 years
TCGA.55.1596.01,LUAD-TCGA-55-1596,RIT1_g.chr1:155874285A>C_p.F82L;ERBB2_CN_High,TCGA-55-1596-01,RIT1_g,RIT1,2,RIT1,SNV,0.304314599600081,0.63,0.0807919343036021,1375,0,Stage IIB,MALE,Current smoker
TCGA.55.5899.01,LUAD-TCGA-55-5899,None,TCGA-55-5899-01,None,None,0,None,None,0.530744592563977,0.67,0.450499152009162,87,0,Stage IA,MALE,Current smoker
TCGA.55.6543.01,LUAD-TCGA-55-6543,RET__TRIM33__RET,TCGA-55-6543-01,RET__TRIM33__RET,RET,1,None,None,0.717786940760087,0.65,0.76430328759038,2,0,Stage IA,FEMALE,Current reformed smoker for < or = 15 years
TCGA.55.6968.01,LUAD-TCGA-55-6968,BRAF_g.chr7:140453193T>C_p.N581S,TCGA-55-6968-01,BRAF_g,BRAF,1,BRAF.non,SNV,0.230908314661257,0.65,0.0403343156876796,1293,1,Stage IV,MALE,Current smoker
TCGA.55.6970.01,LUAD-TCGA-55-6970,KRAS_g.chr12:25398284C>A_p.G12V,TCGA-55-6970-01,KRAS_g,KRAS,1,KRAS,SNV,0.530085281641875,0.56,0.511758394248786,464,1,Stage IIIA,FEMALE,Current reformed smoker for < or = 15 years
TCGA.55.6972.01,LUAD-TCGA-55-6972,None,TCGA-55-6972-01,None,None,0,None,None,0.267415802420117,0.83,0.202870601695635,1475,0,Stage IB,MALE,Current smoker
TCGA.55.6975.01,LUAD-TCGA-55-6975,KRAS_g.chr12:25398282C>A_p.G13C;NF1_g.chr17:29670110C>G_p.F2382L,TCGA-55-6975-01,KRAS_g,KRAS,2,KRAS,SNV,0.475774778984369,0.46,0.302600881965862,118,1,Stage IIB,MALE,Current reformed smoker for < or = 15 years
TCGA.55.6984.01,LUAD-TCGA-55-6984,KRAS_g.chr12:25398284C>G_p.G12A,TCGA-55-6984-01,KRAS_g,KRAS,1,KRAS,SNV,0.681569592945617,0.81,0.572873323434656,760,1,Stage IIB,FEMALE,
TCGA.55.7227.01,LUAD-TCGA-55-7227,MAP2K1_g.chr15:66729094_66729099delTGGAGA_p.EI102del,TCGA-55-7227-01,MAP2K1_g,MAP2K1,1,MAP2K1,SNV,0.640938863400728,0.53,0.622120291635897,53,0,Stage IIIA,MALE,Current reformed smoker for > 15 years
TCGA.55.7283.01,LUAD-TCGA-55-7283,KRAS_g.chr12:25398285C>T_p.G12S,TCGA-55-7283-01,KRAS_g,KRAS,1,KRAS,SNV,0.641392902603639,0.47,0.814925727119499,35,0,Stage IIIA,FEMALE,Current reformed smoker for > 15 years
TCGA.55.7570.01,LUAD-TCGA-55-7570,FGFR1_CN_High,TCGA-55-7570-01,FGFR1_CN_High,FGFR1,1,None,None,0.822376816397912,0.57,0.862481257205145,6,0,Stage IA,MALE,Current smoker
TCGA.55.7576.01,LUAD-TCGA-55-7576,KRAS_g.chr12:25398285C>T_p.G12S,TCGA-55-7576-01,KRAS_g,KRAS,1,KRAS,SNV,0.464040795182923,0.47,0.513964399794842,40,0,Stage IB,MALE,Current smoker
TCGA.55.7725.01,LUAD-TCGA-55-7725,KRAS_g.chr12:25398284C>A_p.G12V,TCGA-55-7725-01,KRAS_g,KRAS,1,KRAS,SNV,0.715802876137932,0.61,0.790447749803205,39,0,Stage IA,FEMALE,Current reformed smoker for > 15 years
TCGA.55.7727.01,LUAD-TCGA-55-7727,ARAF_g.chrX:47426121_47426122CC>GT_p.S214C,TCGA-55-7727-01,ARAF_g,ARAF,1,None,None,0.492584380765869,0.56,0.631863720248518,34,0,Stage IIIA,MALE,Current smoker
TCGA.55.7903.01,LUAD-TCGA-55-7903,BRAF_g.chr7:140453136A>T_p.V600E,TCGA-55-7903-01,BRAF_g,BRAF,1,BRAF_act,SNV,0.600484543869233,0.64,0.713841178631517,19,0,Stage IA,MALE,Current smoker
TCGA.55.7910.01,LUAD-TCGA-55-7910,KRAS_g.chr12:25398282C>A_p.G13C,TCGA-55-7910-01,KRAS_g,KRAS,1,KRAS,SNV,0.652565788260991,0.58,0.462978841711106,197,0,Stage IIA,FEMALE,Current reformed smoker for < or = 15 years
TCGA.55.7914.01,LUAD-TCGA-55-7914,KRAS_g.chr12:25398285C>A_p.G12C,TCGA-55-7914-01,KRAS_g,KRAS,1,KRAS,SNV,0.740030771619052,0.56,0.949537360761038,3,0,Stage IIA,FEMALE,Current smoker
TCGA.55.7994.01,LUAD-TCGA-55-7994,NF1_g.chr17:29556148A>T_p.N839Y,TCGA-55-7994-01,NF1_g,NF1,1,NF1,SNV,0.604974370287719,0.51,0.650407060862151,603,0,Stage IIB,MALE,Current smoker
TCGA.55.7995.01,LUAD-TCGA-55-7995,NF1_g.chr17:29701132G>C_p.A2827P,TCGA-55-7995-01,NF1_g,NF1,1,NF1,SNV,0.109611506838389,0.49,0,5,0,Stage IA,FEMALE,Current reformed smoker for < or = 15 years
TCGA.55.8085.01,LUAD-TCGA-55-8085,None,TCGA-55-8085-01,None,None,0,None,None,0.259466359149525,0.56,0.216922504296283,904,0,Stage IA,MALE,Current smoker
TCGA.55.8087.01,LUAD-TCGA-55-8087,EGFR_g.chr7:55242467_55242485delAATTAAGAGAAGCAACATC>T_p.746_752ELREATS>V,TCGA-55-8087-01,EGFR_g,EGFR,1,EGFR,SNV,0.684479112893517,0.82,0.820684799072075,462,0,Stage IB,FEMALE,Lifelong Non-smoker
TCGA.55.8091.01,LUAD-TCGA-55-8091,NTRK2__TRIM24__NTRK2,TCGA-55-8091-01,NTRK2__TRIM24__NTRK2,NTRK2,1,None,None,0.602449144356981,0.6,0.563237743000371,600,0,Stage IB,MALE,Current reformed smoker for > 15 years
TCGA.55.8094.01,LUAD-TCGA-55-8094,KRAS_g.chr12:25398282C>A_p.G13C,TCGA-55-8094-01,KRAS_g,KRAS,1,KRAS,SNV,0.812470268613995,0.79,0.737434744945294,4,0,Stage IV,MALE,Current reformed smoker for < or = 15 years
TCGA.55.8097.01,LUAD-TCGA-55-8097,KRAS_g.chr12:25398285C>A_p.G12C;ARHGAP35_g.chr19:47422257C>T_p.R109*,TCGA-55-8097-01,KRAS_g,KRAS,2,KRAS,SNV,0.702324543639038,0.64,0.84833206365681,476,0,Stage IA,FEMALE,Current reformed smoker for < or = 15 years
TCGA.55.8206.01,LUAD-TCGA-55-8206,EGFR_g.chr7:55242466_55242480delGAATTAAGAGAAGCA_p.ELREA746del,TCGA-55-8206-01,EGFR_g,EGFR,1,EGFR,SNV,0.603712944168189,0.46,0.785366706965688,46,0,Stage IA,MALE,Lifelong Non-smoker
TCGA.55.8207.01,LUAD-TCGA-55-8207,KRAS_g.chr12:25398285C>A_p.G12C,TCGA-55-8207-01,KRAS_g,KRAS,1,KRAS,SNV,0.798004873175287,0.57,0.96121723504767,66,0,Stage IB,MALE,Current reformed smoker for > 15 years
TCGA.55.8299.01,LUAD-TCGA-55-8299,KRAS_g.chr12:25398285C>A_p.G12C,TCGA-55-8299-01,KRAS_g,KRAS,1,KRAS,SNV,0.435500138894042,0.49,0.297114622758064,469,1,Stage IA,FEMALE,Current reformed smoker for < or = 15 years
TCGA.55.8506.01,LUAD-TCGA-55-8506,EGFR_g.chr7:55259515T>G_p.L858R,TCGA-55-8506-01,EGFR_g,EGFR,1,EGFR,SNV,0.432711576002572,0.45,0.531957864662575,11,0,Stage IIB,FEMALE,Current smoker
TCGA.55.8507.01,LUAD-TCGA-55-8507,None,TCGA-55-8507-01,None,None,0,None,None,0.589742229729627,0.64,0.510428671214069,8,0,Stage IA,MALE,Current smoker
TCGA.55.8513.01,LUAD-TCGA-55-8513,None,TCGA-55-8513-01,None,None,0,None,None,0.335555023821175,0.5,0.262215142878702,146,0,Stage IIB,FEMALE,Lifelong Non-smoker
TCGA.55.8514.01,LUAD-TCGA-55-8514,KRAS_g.chr12:25398284C>G_p.G12A,TCGA-55-8514-01,KRAS_g,KRAS,1,KRAS,SNV,0.603114342344316,0.54,0.576986413678078,202,0,Stage IB,FEMALE,Current reformed smoker for < or = 15 years
TCGA.55.8615.01,LUAD-TCGA-55-8615,KRAS_g.chr12:25398285C>A_p.G12C,TCGA-55-8615-01,KRAS_g,KRAS,1,KRAS,SNV,0.574108101762356,0.57,0.495249855107496,15,0,Stage IIIA,MALE,Current smoker
TCGA.55.8620.01,LUAD-TCGA-55-8620,MET_CN_High,TCGA-55-8620-01,MET_CN_High,MET,1,MET,CNV,0.433206640964711,0.62,0.427657738811158,66,0,Stage IV,MALE,Current reformed smoker for < or = 15 years
TCGA.55.A492.01,LUAD-TCGA-55-A492,None,TCGA-55-A492-01,None,None,0,None,None,0.387275744374767,0.54,0.476034916951798,596,0,Stage IA,FEMALE,Current reformed smoker for > 15 years
TCGA.55.A494.01,LUAD-TCGA-55-A494,KRAS_g.chr12:25398284C>T_p.G12D,TCGA-55-A494-01,KRAS_g,KRAS,1,KRAS,SNV,0.576838471487837,0.81,0.72161509414373,481,0,Stage IB,FEMALE,Current reformed smoker for > 15 years
TCGA.62.8394.01,LUAD-TCGA-62-8394,EGFR_g.chr7:55259515T>G_p.L858R,TCGA-62-8394-01,EGFR_g,EGFR,1,EGFR,SNV,0.662781177682818,0.53,0.830688673826393,139,1,Stage IIIB,FEMALE,Lifelong Non-smoker
TCGA.62.8395.01,LUAD-TCGA-62-8395,None,TCGA-62-8395-01,None,None,0,None,None,0.424037051465819,0.65,0.536152307983059,1216,0,Stage IIB,FEMALE,Lifelong Non-smoker
TCGA.62.8397.01,LUAD-TCGA-62-8397,EGFR_g.chr7:55249002_55249003insCAGCGTGGA_p.768_769insVDS,TCGA-62-8397-01,EGFR_g,EGFR,1,EGFR,SNV,0.725894328182415,0.69,0.860674837049542,1289,0,Stage IIB,FEMALE,Lifelong Non-smoker
TCGA.62.8399.01,LUAD-TCGA-62-8399,None,TCGA-62-8399-01,None,None,0,None,None,0.527922324324573,0.5,0.473757709444931,2696,0,Stage IIIA,MALE,Current reformed smoker for < or = 15 years
TCGA.62.8402.01,LUAD-TCGA-62-8402,EGFR_g.chr7:55242465_55242479delGGAATTAAGAGAAGC_p.ELREA746del,TCGA-62-8402-01,EGFR_g,EGFR,1,EGFR,SNV,0.552798857045221,0.5,0.677286427877986,1498,1,Stage IIIA,FEMALE,Lifelong Non-smoker
TCGA.62.A46O.01,LUAD-TCGA-62-A46O,MAPK1_CN_High,TCGA-62-A46O-01,MAPK1_CN_High,MAPK1,1,None,None,0.14560421404578,0.82,0,1454,1,Stage IB,FEMALE,Current smoker
TCGA.62.A46P.01,LUAD-TCGA-62-A46P,None,TCGA-62-A46P-01,None,None,0,None,None,0.251979113381298,0.7,0.233115945119338,594,1,Stage IB,MALE,Current reformed smoker for < or = 15 years
TCGA.62.A46S.01,LUAD-TCGA-62-A46S,KRAS_g.chr12:25398281C>T_p.G13D;NF1_g.chr17:29550461G>C_Splicing,TCGA-62-A46S-01,KRAS_g,KRAS,2,KRAS,SNV,0.674740030617855,0.45,0.660029482084246,1653,1,Stage IB,MALE,Current reformed smoker for < or = 15 years
TCGA.62.A46V.01,LUAD-TCGA-62-A46V,BRAF_g.chr7:140453136A>T_p.V600E,TCGA-62-A46V-01,BRAF_g,BRAF,1,BRAF_act,SNV,0.44296291755817,0.52,0.71942182800636,2199,0,Stage IB,FEMALE,Current reformed smoker for > 15 years
TCGA.62.A46Y.01,LUAD-TCGA-62-A46Y,ROS1__SLC34A2__ROS1,TCGA-62-A46Y-01,ROS1__SLC34A2__ROS1,ROS1,1,ROS1,fusion,0.495180973309055,0.48,0.653895096705741,414,1,Stage IIIA,FEMALE,Lifelong Non-smoker
TCGA.62.A470.01,LUAD-TCGA-62-A470,None,TCGA-62-A470-01,None,None,0,None,None,0.514518340492159,0.59,0.334867135084794,1194,1,Stage IB,MALE,Current reformed smoker for > 15 years
TCGA.62.A471.01,LUAD-TCGA-62-A471,None,TCGA-62-A471-01,None,None,0,None,None,0.371918583561648,0.46,0.183324083388742,1246,0,Stage IIB,MALE,Current reformed smoker for < or = 15 years
TCGA.64.1676.01,LUAD-TCGA-64-1676,MAP2K1_g.chr15:66729153T>A_p.C121S,TCGA-64-1676-01,MAP2K1_g,MAP2K1,1,MAP2K1,SNV,0.488066494356452,0.51,0.531733638640396,1728,0,Stage IA,MALE,Current smoker
TCGA.64.1678.01,LUAD-TCGA-64-1678,MAP2K1_g.chr15:66727455G>T_p.K57N,TCGA-64-1678-01,MAP2K1_g,MAP2K1,1,MAP2K1,SNV,0.551941830932238,0.57,0.44414462485707,1189,0,Stage IIA,FEMALE,Current reformed smoker for > 15 years
TCGA.64.1680.01,LUAD-TCGA-64-1680,ROS1__CD74__ROS1,TCGA-64-1680-01,ROS1__CD74__ROS1,ROS1,1,ROS1,fusion,0.657094506269584,0.61,0.959607196445867,1126,0,Stage IV,MALE,Current reformed smoker for > 15 years
TCGA.64.5774.01,LUAD-TCGA-64-5774,KRAS_g.chr12:25398285C>A_p.G12C,TCGA-64-5774-01,KRAS_g,KRAS,1,KRAS,SNV,0.803242965972515,0.76,0.781283538448504,2550,0,Stage IB,MALE,Current reformed smoker for < or = 15 years
TCGA.64.5775.01,LUAD-TCGA-64-5775,KRAS_g.chr12:25380276T>A_p.Q61L,TCGA-64-5775-01,KRAS_g,KRAS,1,KRAS,SNV,0.801045775323168,0.71,0.867562630863493,62,1,Stage IIIA,MALE,Current smoker
TCGA.64.5778.01,LUAD-TCGA-64-5778,KRAS_g.chr12:25398285C>A_p.G12C,TCGA-64-5778-01,KRAS_g,KRAS,1,KRAS,SNV,0.64256712204368,0.59,0.785111241000056,926,0,Stage IB,MALE,Current reformed smoker for < or = 15 years
TCGA.67.3770.01,LUAD-TCGA-67-3770,EGFR_g.chr7:55259515T>G_p.L858R,TCGA-67-3770-01,EGFR_g,EGFR,1,EGFR,SNV,0.432582645246795,0.65,0.519329431264347,31,0,Stage IA,FEMALE,Current reformed smoker for > 15 years
TCGA.67.3771.01,LUAD-TCGA-67-3771,None,TCGA-67-3771-01,None,None,0,None,None,0.262843561299544,0.46,0.44456148451865,610,0,Stage IA,FEMALE,Current reformed smoker for < or = 15 years
TCGA.67.3772.01,LUAD-TCGA-67-3772,EGFR_g.chr7:55259515T>G_p.L858R,TCGA-67-3772-01,EGFR_g,EGFR,1,EGFR,SNV,0.647327999360568,0.45,0.760479952966451,573,0,Stage IB,FEMALE,Lifelong Non-smoker
TCGA.67.3773.01,LUAD-TCGA-67-3773,KRAS_g.chr12:25398284C>A_p.G12V,TCGA-67-3773-01,KRAS_g,KRAS,1,KRAS,SNV,0.715593746839294,0.7,0.850486601020794,427,0,Stage IB,FEMALE,Current reformed smoker for > 15 years
TCGA.67.3774.01,LUAD-TCGA-67-3774,KRAS_g.chr12:25398284_25398285CC>AA_p.G12F,TCGA-67-3774-01,KRAS_g,KRAS,1,KRAS,SNV,0.785245610120795,0.48,0.767527296272281,385,0,Stage IB,FEMALE,Current reformed smoker for > 15 years
TCGA.67.4679.01,LUAD-TCGA-67-4679,KRAS_g.chr12:25398284C>G_p.G12A,TCGA-67-4679-01,KRAS_g,KRAS,1,KRAS,SNV,0.589082740801897,0.71,0.764373376708863,NA,NA,Stage IB,MALE,Current reformed smoker for < or = 15 years
TCGA.67.6215.01,LUAD-TCGA-67-6215,ALK__EML4__ALK,TCGA-67-6215-01,ALK__EML4__ALK,ALK,1,ALK,fusion,0.594386048696844,0.69,0.792974713493272,174,0,Stage IB,FEMALE,Lifelong Non-smoker
TCGA.67.6216.01,LUAD-TCGA-67-6216,ALK__EML4__ALK,TCGA-67-6216-01,ALK__EML4__ALK,ALK,1,ALK,fusion,0.626133339170634,0.56,0.749935476665095,141,0,Stage IA,FEMALE,Lifelong Non-smoker
TCGA.69.7760.01,LUAD-TCGA-69-7760,EGFR_g.chr7:55241679_55241681delAAC_p.709_710ET>D,TCGA-69-7760-01,EGFR_g,EGFR,1,EGFR,SNV,0.683440474139923,0.65,0.958031472485039,202,0,Stage IIB,MALE,Lifelong Non-smoker
TCGA.69.7764.01,LUAD-TCGA-69-7764,NF1_g.chr17:29667604A>C_p.T2335P;RASA1_g.chr5:86627281C>A_p.S219*,TCGA-69-7764-01,NF1_g,NF1,2,NF1,SNV,0.623747326567424,0.8,0.741031454434744,414,0,Stage IA,MALE,Current reformed smoker for > 15 years
TCGA.69.7973.01,LUAD-TCGA-69-7973,KRAS_g.chr12:25398285C>A_p.G12C,TCGA-69-7973-01,KRAS_g,KRAS,1,KRAS,SNV,0.688854866564348,0.55,0.822733602371498,230,0,Stage IB,FEMALE,Current reformed smoker for < or = 15 years
TCGA.69.7979.01,LUAD-TCGA-69-7979,NF1_g.chr17:29556374G>T_p.R914L;PDGFRA_CN_High;KIT_CN_High;KDR_CN_High;MAPK1_CN_High,TCGA-69-7979-01,NF1_g,NF1,5,NF1,SNV,0.41095875456184,0.53,0.333751430197999,89,0,Stage IB,FEMALE,Current smoker
TCGA.69.7980.01,LUAD-TCGA-69-7980,KRAS_g.chr12:25398284C>G_p.G12A,TCGA-69-7980-01,KRAS_g,KRAS,1,KRAS,SNV,0.796602084077864,0.55,0.939341409870721,382,0,Stage I,FEMALE,Current reformed smoker for < or = 15 years
TCGA.71.6725.01,LUAD-TCGA-71-6725,EGFR_g.chr7:55242469_55242481delTTAAGAGAAGCAA>C_p.747_751LREAT>P,TCGA-71-6725-01,EGFR_g,EGFR,1,EGFR,SNV,0.4391839929838,0.63,0.540666643789955,61,0,Stage IB,FEMALE,Current smoker
TCGA.73.4662.01,LUAD-TCGA-73-4662,KRAS_g.chr12:25398285C>A_p.G12C,TCGA-73-4662-01,KRAS_g,KRAS,1,KRAS,SNV,0.750647982184381,0.48,0.899133148765763,912,0,Stage IA,FEMALE,Current reformed smoker for > 15 years
TCGA.73.4666.01,LUAD-TCGA-73-4666,RIT1_g.chr1:155874530C>A_p.A77S,TCGA-73-4666-01,RIT1_g,RIT1,1,RIT1,SNV,0.448018712948132,0.45,0.448679631999588,800,0,Stage IV,FEMALE,Current reformed smoker for < or = 15 years
TCGA.73.4668.01,LUAD-TCGA-73-4668,KRAS_g.chr12:25398282C>A_p.G13C,TCGA-73-4668-01,KRAS_g,KRAS,1,KRAS,SNV,0.8079549431497,0.53,0.897070795118476,467,0,Stage IIB,FEMALE,Current reformed smoker for < or = 15 years
TCGA.73.4670.01,LUAD-TCGA-73-4670,None,TCGA-73-4670-01,None,None,0,None,None,0.362581556471702,0.62,0.200792341372904,131,0,Stage IV,FEMALE,Current reformed smoker for < or = 15 years
TCGA.73.4675.01,LUAD-TCGA-73-4675,RIT1_g.chr1:155874278_155874283delTGGCTG_p.TA83del,TCGA-73-4675-01,RIT1_g,RIT1,1,RIT1,SNV,0.531129609618198,0.57,0.568432377567733,40,0,Stage IIIA,MALE,Current reformed smoker for < or = 15 years
TCGA.73.4676.01,LUAD-TCGA-73-4676,NF1_g.chr17:29676209delA_p.N2421fs,TCGA-73-4676-01,NF1_g,NF1,1,NF1,SNV,0.419361708551258,0.77,0.414752064997738,164,0,Stage IIA,MALE,Current reformed smoker for < or = 15 years
TCGA.73.4677.01,LUAD-TCGA-73-4677,KRAS_g.chr12:25398284C>G_p.G12A,TCGA-73-4677-01,KRAS_g,KRAS,1,KRAS,SNV,0.619037659370844,0.47,0.672302452717783,38,1,Stage IA,MALE,Current reformed smoker for > 15 years
TCGA.73.7498.01,LUAD-TCGA-73-7498,KRAS_g.chr12:25398285C>A_p.G12C,TCGA-73-7498-01,KRAS_g,KRAS,1,KRAS,SNV,0.591384663025853,0.62,0.760487339698716,1189,0,Stage IA,FEMALE,Current reformed smoker for < or = 15 years
TCGA.73.A9RS.01,LUAD-TCGA-73-A9RS,None,TCGA-73-A9RS-01,None,None,0,None,None,0.0870310117315326,0.61,0,340,1,Stage IIB,MALE,Current smoker
TCGA.75.5146.01,LUAD-TCGA-75-5146,BRAF_g.chr7:140481402C>A_p.G469V,TCGA-75-5146-01,BRAF_g,BRAF,1,BRAF_act,SNV,0.539279832354033,0.58,0.708230103605817,NA,NA,Stage IB,MALE,Current reformed smoker for > 15 years
TCGA.75.6206.01,LUAD-TCGA-75-6206,KRAS_g.chr12:25398281C>T_p.G13D;ARHGAP35_g.chr19:47424435C>G_p.L835V,TCGA-75-6206-01,KRAS_g,KRAS,2,KRAS,SNV,0.473159589868736,0.7,0.497263659912844,NA,NA,Stage IB,MALE,Current reformed smoker for > 15 years
TCGA.75.6207.01,LUAD-TCGA-75-6207,EGFR_g.chr7:55242465_55242479delGGAATTAAGAGAAGC_p.ELREA746del,TCGA-75-6207-01,EGFR_g,EGFR,1,EGFR,SNV,0.431176106251834,0.64,0.435028665524405,NA,NA,Stage IIIA,MALE,Current reformed smoker for > 15 years
TCGA.75.6214.01,LUAD-TCGA-75-6214,None,TCGA-75-6214-01,None,None,0,None,None,0.427294488712115,0.64,0.405547164315804,NA,NA,Stage IIIA,FEMALE,Current smoker
TCGA.75.7027.01,LUAD-TCGA-75-7027,KRAS_g.chr12:25398284C>A_p.G12V,TCGA-75-7027-01,KRAS_g,KRAS,1,KRAS,SNV,0.737463474107302,0.62,0.549484734863974,NA,NA,Stage IB,MALE,Current smoker
TCGA.75.7030.01,LUAD-TCGA-75-7030,KRAS_g.chr12:25398284C>T_p.G12D,TCGA-75-7030-01,KRAS_g,KRAS,1,KRAS,SNV,0.67839648054268,0.5,0.659234758300665,NA,NA,Stage IIB,MALE,Lifelong Non-smoker
TCGA.75.7031.01,LUAD-TCGA-75-7031,MAPK1_CN_High,TCGA-75-7031-01,MAPK1_CN_High,MAPK1,1,None,None,0.147934881916647,0.49,0.0557303474491789,NA,NA,Stage IB,FEMALE,Current reformed smoker for > 15 years
TCGA.78.7145.01,LUAD-TCGA-78-7145,KRAS_g.chr12:25398284_25398285CC>TA_p.G12Y,TCGA-78-7145-01,KRAS_g,KRAS,1,KRAS,SNV,0.704672384518054,0.63,0.846439460682315,826,1,Stage IV,FEMALE,Current reformed smoker for < or = 15 years
TCGA.78.7146.01,LUAD-TCGA-78-7146,NF1_g.chr17:29654858G>T_Splicing,TCGA-78-7146-01,NF1_g,NF1,1,NF1,SNV,0.442794478810737,0.68,0.451196097433223,173,1,Stage IIIA,FEMALE,Current reformed smoker for < or = 15 years
TCGA.78.7147.01,LUAD-TCGA-78-7147,EGFR_g.chr7:55259524T>A_p.L861Q,TCGA-78-7147-01,EGFR_g,EGFR,1,EGFR,SNV,0.616681383151868,0.62,0.819746429136538,586,1,Stage IIB,FEMALE,Current smoker
TCGA.78.7148.01,LUAD-TCGA-78-7148,KRAS_g.chr12:25398285C>A_p.G12C,TCGA-78-7148-01,KRAS_g,KRAS,1,KRAS,SNV,0.532272597116804,0.6,0.51607260631714,626,1,Stage IIB,MALE,Current smoker
TCGA.78.7149.01,LUAD-TCGA-78-7149,None,TCGA-78-7149-01,None,None,0,None,None,0.208452081217101,0.6,0.0983491270943582,1093,0,Stage IIIB,MALE,Current smoker
TCGA.78.7150.01,LUAD-TCGA-78-7150,None,TCGA-78-7150-01,None,None,0,None,None,0.249509334255242,0.46,0.246490546575508,666,1,Stage IIB,MALE,Current reformed smoker for < or = 15 years
TCGA.78.7152.01,LUAD-TCGA-78-7152,SOS1_g.chr2:39281778T>A_p.N233Y,TCGA-78-7152-01,SOS1_g,SOS1,1,None,None,0.320477893674843,0.55,0.43103588944597,1202,0,Stage IB,MALE,Current reformed smoker for < or = 15 years
TCGA.78.7154.01,LUAD-TCGA-78-7154,MET_CN_High;ERBB2_CN_High,TCGA-78-7154-01,MET_CN_High,MET,2,MET,CNV,0.523710591130089,0.5,0.556052605832461,593,1,Stage IIIA,MALE,Current reformed smoker for < or = 15 years
TCGA.78.7155.01,LUAD-TCGA-78-7155,None,TCGA-78-7155-01,None,None,0,None,None,0.165914147908464,0.82,0,1171,1,Stage IB,MALE,Current reformed smoker for < or = 15 years
TCGA.78.7156.01,LUAD-TCGA-78-7156,None,TCGA-78-7156-01,None,None,0,None,None,0.257247931912359,0.8,0.0458944174726802,976,1,Stage IV,MALE,Current reformed smoker for > 15 years
TCGA.78.7158.01,LUAD-TCGA-78-7158,None,TCGA-78-7158-01,None,None,0,None,None,0.72778937446785,0.9,0.957947526596235,179,1,Stage IIIB,FEMALE,Current reformed smoker for < or = 15 years
TCGA.78.7161.01,LUAD-TCGA-78-7161,KRAS_g.chr12:25398284C>A_p.G12V,TCGA-78-7161-01,KRAS_g,KRAS,1,KRAS,SNV,0.778423648771562,0.75,0.805012640660509,215,0,Stage IIB,FEMALE,Current reformed smoker for < or = 15 years
TCGA.78.7163.01,LUAD-TCGA-78-7163,ALK__EML4__ALK,TCGA-78-7163-01,ALK__EML4__ALK,ALK,1,ALK,fusion,0.824135725261835,0.68,0.885936835002116,6812,0,Stage IB,MALE,Current reformed smoker for < or = 15 years
TCGA.78.7166.01,LUAD-TCGA-78-7166,KRAS_g.chr12:25398285C>A_p.G12C,TCGA-78-7166-01,KRAS_g,KRAS,1,KRAS,SNV,0.393031110402644,0.63,0.230333565237484,258,1,Stage IIB,MALE,Current reformed smoker for > 15 years
TCGA.78.7167.01,LUAD-TCGA-78-7167,KRAS_g.chr12:25398284_25398285CC>AA_p.G12F,TCGA-78-7167-01,KRAS_g,KRAS,1,KRAS,SNV,0.588907979732627,0.84,0.812050814019949,2681,1,Stage IV,MALE,Current smoker
TCGA.78.7220.01,LUAD-TCGA-78-7220,MET__CAPZA2__MET,TCGA-78-7220-01,MET__CAPZA2__MET,MET,1,MET,fusion,0.511329920140371,0.61,0.487667062107203,807,1,Stage IIIA,FEMALE,Current smoker
TCGA.78.7535.01,LUAD-TCGA-78-7535,NF1_g.chr17:29490318_29490321delCGGA_p.RN135fs,TCGA-78-7535-01,NF1_g,NF1,1,NF1,SNV,0.441399301229785,0.6,0.511403883532879,949,1,Stage IB,MALE,Current smoker
TCGA.78.7536.01,LUAD-TCGA-78-7536,None,TCGA-78-7536-01,None,None,0,None,None,0.129555476124398,0.78,0.0372762013171802,244,1,Stage IIIA,MALE,Current reformed smoker for < or = 15 years
TCGA.78.7537.01,LUAD-TCGA-78-7537,BRAF_g.chr7:140481411C>A_p.G466V,TCGA-78-7537-01,BRAF_g,BRAF,1,BRAF.non,SNV,0.397609652738855,0.74,0.414953907064033,1622,1,Stage IB,MALE,Current reformed smoker for > 15 years
TCGA.78.7539.01,LUAD-TCGA-78-7539,KRAS_g.chr12:25398285C>A_p.G12C,TCGA-78-7539-01,KRAS_g,KRAS,1,KRAS,SNV,0.539486066769201,0.52,0.663069963016663,327,0,Stage IIA,FEMALE,Current reformed smoker for > 15 years
TCGA.78.7540.01,LUAD-TCGA-78-7540,KRAS_g.chr12:25398284C>A_p.G12V,TCGA-78-7540-01,KRAS_g,KRAS,1,KRAS,SNV,0.579168985024527,0.59,0.399844037869907,881,0,Stage IB,FEMALE,Lifelong Non-smoker
TCGA.78.7633.01,LUAD-TCGA-78-7633,BRAF_g.chr7:140481402_140481403CC>AA_p.G469L,TCGA-78-7633-01,BRAF_g,BRAF,1,BRAF.non,SNV,0.544707563515502,0.75,0.678332948881455,994,0,Stage IA,MALE,Current reformed smoker for < or = 15 years
TCGA.78.8648.01,LUAD-TCGA-78-8648,None,TCGA-78-8648-01,None,None,0,None,None,0.411228158277069,0.64,0.355468339079336,1209,1,Stage IIB,FEMALE,Current smoker
TCGA.78.8655.01,LUAD-TCGA-78-8655,KRAS_g.chr12:25398285C>T_p.G12S,TCGA-78-8655-01,KRAS_g,KRAS,1,KRAS,SNV,0.620840648292731,0.46,0.72484541056849,2360,0,Stage IA,FEMALE,Current reformed smoker for < or = 15 years
TCGA.78.8662.01,LUAD-TCGA-78-8662,BRAF_g.chr7:140481411C>A_p.G466V;ARHGAP35_g.chr19:47424611delA_p.V893fs,TCGA-78-8662-01,BRAF_g,BRAF,2,BRAF.non,SNV,0.48157099069194,0.79,0.669665838241781,3361,1,Stage IB,FEMALE,Current smoker
TCGA.80.5607.01,LUAD-TCGA-80-5607,BRAF_g.chr7:140453136A>T_p.V600E,TCGA-80-5607-01,BRAF_g,BRAF,1,BRAF_act,SNV,0.607657881303183,0.49,0.628551155938525,NA,NA,Stage IIB,FEMALE,Current reformed smoker for > 15 years
TCGA.80.5608.01,LUAD-TCGA-80-5608,KRAS_g.chr12:25398284C>G_p.G12A,TCGA-80-5608-01,KRAS_g,KRAS,1,KRAS,SNV,0.748651715161314,0.48,0.862619395056674,NA,NA,Stage IA,FEMALE,Current smoker
TCGA.80.5611.01,LUAD-TCGA-80-5611,ARHGAP35_g.chr19:47424388C>T_p.S819F,TCGA-80-5611-01,ARHGAP35_g,ARHGAP35,1,None,None,0.295074572242376,0.51,0.284271055623921,NA,NA,Stage IB,MALE,Current reformed smoker for < or = 15 years
TCGA.86.6562.01,LUAD-TCGA-86-6562,ERBB2_g.chr17:37880997_37880998insTCT_p.776_776G>VC,TCGA-86-6562-01,ERBB2_g,ERBB2,1,ERBB2,SNV,0.636358666550123,0.46,0.754182150949204,376,1,Stage IIA,MALE,Lifelong Non-smoker
TCGA.86.7713.01,LUAD-TCGA-86-7713,KRAS_g.chr12:25398285C>A_p.G12C,TCGA-86-7713-01,KRAS_g,KRAS,1,KRAS,SNV,0.779413659058686,0.65,0.921072128293949,422,0,Stage IIA,MALE,Lifelong Non-smoker
TCGA.86.7714.01,LUAD-TCGA-86-7714,BRAF_g.chr7:140453136A>T_p.V600E,TCGA-86-7714-01,BRAF_g,BRAF,1,BRAF_act,SNV,0.56137602969521,0.67,0.700179284376529,625,1,Stage IIIA,FEMALE,Current smoker
TCGA.86.7955.01,LUAD-TCGA-86-7955,None,TCGA-86-7955-01,None,None,0,None,None,0.160174270295766,0.73,0,508,0,Stage IB,MALE,Lifelong Non-smoker
TCGA.86.8054.01,LUAD-TCGA-86-8054,KRAS_g.chr12:25398284C>A_p.G12V,TCGA-86-8054-01,KRAS_g,KRAS,1,KRAS,SNV,0.793476440354738,0.74,0.729261353114169,745,0,Stage IIB,MALE,Current smoker
TCGA.86.8074.01,LUAD-TCGA-86-8074,EGFR_g.chr7:55242465_55242479delGGAATTAAGAGAAGC_p.ELREA746del;KIT_CN_High;KDR_CN_High,TCGA-86-8074-01,EGFR_g,EGFR,3,EGFR,SNV,0.565064813148391,0.51,0.718990573102545,24,0,Stage IIA,FEMALE,Current smoker
TCGA.86.8278.01,LUAD-TCGA-86-8278,ROS1__CD74__ROS1,TCGA-86-8278-01,ROS1__CD74__ROS1,ROS1,1,ROS1,fusion,0.467767992801432,0.56,0.572980887712301,476,0,Stage IIB,FEMALE,Lifelong Non-smoker
TCGA.86.8279.01,LUAD-TCGA-86-8279,NF1_g.chr17:29550532A>T_p.K598*,TCGA-86-8279-01,NF1_g,NF1,1,NF1,SNV,0.537846209631761,0.5,0.719892511097426,482,0,Stage IIA,MALE,Lifelong Non-smoker
TCGA.86.8280.01,LUAD-TCGA-86-8280,EGFR_g.chr7:55242465_55242479delGGAATTAAGAGAAGC_p.ELREA746del,TCGA-86-8280-01,EGFR_g,EGFR,1,EGFR,SNV,0.485468187787667,0.45,0.586990342358738,16,0,Stage IIA,FEMALE,Lifelong Non-smoker
TCGA.86.8281.01,LUAD-TCGA-86-8281,KRAS_g.chr12:25398285C>A_p.G12C;ARHGAP35_g.chr19:47424934C>G_p.S1001*,TCGA-86-8281-01,KRAS_g,KRAS,2,KRAS,SNV,0.529088891844775,0.54,0.641707806665918,NA,NA,Stage IA,MALE,Current reformed smoker for > 15 years
TCGA.86.8358.01,LUAD-TCGA-86-8358,None,TCGA-86-8358-01,None,None,0,None,None,0.170441469250492,0.72,0,653,0,Stage IB,MALE,Current smoker
TCGA.86.8669.01,LUAD-TCGA-86-8669,NF1_g.chr17:29677299G>A_p.D2474N,TCGA-86-8669-01,NF1_g,NF1,1,NF1,SNV,0.624424076420873,0.57,0.644149730602872,938,0,Stage IA,MALE,Current smoker
TCGA.86.8674.01,LUAD-TCGA-86-8674,KRAS_g.chr12:25398282C>A_p.G13C,TCGA-86-8674-01,KRAS_g,KRAS,1,KRAS,SNV,0.53801962966615,0.58,0.392982557155358,405,0,Stage IIA,MALE,Current reformed smoker for < or = 15 years
TCGA.86.A4P7.01,LUAD-TCGA-86-A4P7,EGFR_g.chr7:55241679_55241681delAAC_p.709_710ET>D,TCGA-86-A4P7-01,EGFR_g,EGFR,1,EGFR,SNV,0.547599093452448,1,0.65097694075132,415,0,Stage IB,FEMALE,Lifelong Non-smoker
TCGA.86.A4P8.01,LUAD-TCGA-86-A4P8,ALK__EML4__ALK,TCGA-86-A4P8-01,ALK__EML4__ALK,ALK,1,ALK,fusion,0.51959785336405,0.79,0.71543446448495,431,0,Stage IIIA,FEMALE,Lifelong Non-smoker
TCGA.91.6829.01,LUAD-TCGA-91-6829,NF1_g.chr17:29527486G>C_p.G312A,TCGA-91-6829-01,NF1_g,NF1,1,NF1,SNV,0.479262586489576,0.49,0.591012613434654,1258,1,Stage IB,MALE,Current reformed smoker for < or = 15 years
TCGA.91.6831.01,LUAD-TCGA-91-6831,FGFR1_CN_High,TCGA-91-6831-01,FGFR1_CN_High,FGFR1,1,None,None,0.492857214848224,0.5,0.37306458551302,310,0,Stage IB,MALE,Current smoker
TCGA.91.6836.01,LUAD-TCGA-91-6836,KRAS_g.chr12:25398284C>G_p.G12A,TCGA-91-6836-01,KRAS_g,KRAS,1,KRAS,SNV,0.773486595645425,0.67,0.945830409696493,417,0,Stage IB,FEMALE,Current smoker
TCGA.91.6840.01,LUAD-TCGA-91-6840,None,TCGA-91-6840-01,None,None,0,None,None,0.101815759614966,0.62,0,372,0,Stage IA,FEMALE,Current reformed smoker for > 15 years
TCGA.91.6847.01,LUAD-TCGA-91-6847,EGFR_g.chr7:55259524T>A_p.L861Q,TCGA-91-6847-01,EGFR_g,EGFR,1,EGFR,SNV,0.710470058401566,0.85,0.833429932994121,842,0,Stage IB,FEMALE,Current reformed smoker for > 15 years
TCGA.91.6849.01,LUAD-TCGA-91-6849,KRAS_g.chr12:25398285C>A_p.G12C,TCGA-91-6849-01,KRAS_g,KRAS,1,KRAS,SNV,0.653478262188081,0.62,0.599611710083887,35,0,Stage IIIA,FEMALE,Current reformed smoker for > 15 years
TCGA.91.8496.01,LUAD-TCGA-91-8496,EGFR_g.chr7:55242467_55242485delAATTAAGAGAAGCAACATC>T_p.746_752ELREATS>V,TCGA-91-8496-01,EGFR_g,EGFR,1,EGFR,SNV,0.597918069695446,0.5,0.884235127146212,505,0,Stage IB,FEMALE,Lifelong Non-smoker
TCGA.91.8497.01,LUAD-TCGA-91-8497,KRAS_g.chr12:25398285C>A_p.G12C,TCGA-91-8497-01,KRAS_g,KRAS,1,KRAS,SNV,0.580778313142778,0.45,0.638843756780256,434,1,Stage IA,FEMALE,Lifelong Non-smoker
TCGA.91.8499.01,LUAD-TCGA-91-8499,FGFR1_CN_High,TCGA-91-8499-01,FGFR1_CN_High,FGFR1,1,None,None,0.272942806245543,0.77,0.0302690045540866,36,0,Stage IA,FEMALE,Current smoker
TCGA.91.A4BD.01,LUAD-TCGA-91-A4BD,BRAF_g.chr7:140453136A>T_p.V600E,TCGA-91-A4BD-01,BRAF_g,BRAF,1,BRAF_act,SNV,0.708092367695958,0.55,0.905805275556641,603,0,Stage IIA,MALE,Current reformed smoker for > 15 years
TCGA.93.7348.01,LUAD-TCGA-93-7348,MET__MET_Exon_Skipping;MET_g.chr7:116412044G>A_Splicing,TCGA-93-7348-01,MET__MET_Exon_Skipping,MET,2,MET,fusion,0.642878425435584,0.45,0.674610687864968,127,0,Stage IA,FEMALE,Current reformed smoker for < or = 15 years
TCGA.95.7043.01,LUAD-TCGA-95-7043,NF1_g.chr17:29562765G>T_p.S1282I;NF1_g.chr17:29653020A>G_p.N1673S;FGFR1_CN_High,TCGA-95-7043-01,NF1_g,NF1,3,NF1,SNV,0.097515392854855,0.76,0,2,0,Stage IA,FEMALE,Current reformed smoker for < or = 15 years
TCGA.95.7562.01,LUAD-TCGA-95-7562,KRAS_g.chr12:25398285C>A_p.G12C,TCGA-95-7562-01,KRAS_g,KRAS,1,KRAS,SNV,0.482163151834036,0.55,0.465825984694343,87,1,Stage IIA,MALE,Current reformed smoker for > 15 years
TCGA.95.7567.01,LUAD-TCGA-95-7567,KRAS_g.chr12:25398284C>A_p.G12V;ARHGAP35_g.chr19:47424279C>T_p.R783*,TCGA-95-7567-01,KRAS_g,KRAS,2,KRAS,SNV,0.623352064795462,0.53,0.726144333853127,163,0,Stage IIB,MALE,Current reformed smoker for < or = 15 years
TCGA.95.7947.01,LUAD-TCGA-95-7947,ERBB2_CN_High,TCGA-95-7947-01,ERBB2_CN_High,ERBB2,1,ERBB2,CNV,0.158843917746404,0.66,0.174524359667666,40,0,Stage IA,MALE,Current reformed smoker for < or = 15 years
TCGA.95.7948.01,LUAD-TCGA-95-7948,None,TCGA-95-7948-01,None,None,0,None,None,0.0785642530784895,0.71,0.00223270184567862,133,0,Stage IB,FEMALE,Current reformed smoker for > 15 years
TCGA.95.8039.01,LUAD-TCGA-95-8039,MET__MET_Exon_Skipping,TCGA-95-8039-01,MET__MET_Exon_Skipping,MET,1,MET,fusion,0.535616621785667,0.47,0.581581007416144,27,0,Stage IA,MALE,Lifelong Non-smoker
TCGA.95.8494.01,LUAD-TCGA-95-8494,None,TCGA-95-8494-01,None,None,0,None,None,0.473669374428966,0.53,0.616662060484892,84,0,Stage IIA,MALE,Current Reformed Smoker Duration Not Specified
TCGA.95.A4VK.01,LUAD-TCGA-95-A4VK,KRAS_g.chr12:25398284C>A_p.G12V,TCGA-95-A4VK-01,KRAS_g,KRAS,1,KRAS,SNV,0.45923702839038,0.57,0.404050895820387,121,0,Stage IIIA,FEMALE,Current reformed smoker for > 15 years
TCGA.97.7546.01,LUAD-TCGA-97-7546,RAF1_g.chr3:12645699G>A_p.S257L,TCGA-97-7546-01,RAF1_g,RAF1,1,None,None,0.659161226403386,0.67,0.748405372421842,964,0,Stage IA,FEMALE,Current reformed smoker for > 15 years
TCGA.97.7547.01,LUAD-TCGA-97-7547,NF1_g.chr17:29664508G>A_p.D2184N,TCGA-97-7547-01,NF1_g,NF1,1,NF1,SNV,0.548712998611721,0.55,0.61211365348898,1965,0,Stage IB,FEMALE,Current reformed smoker for > 15 years
TCGA.97.7937.01,LUAD-TCGA-97-7937,None,TCGA-97-7937-01,None,None,0,None,None,0.59206492957801,0.59,0.708377986696358,181,0,Stage IB,MALE,Current reformed smoker for > 15 years
TCGA.97.7938.01,LUAD-TCGA-97-7938,KRAS_g.chr12:25398285C>A_p.G12C,TCGA-97-7938-01,KRAS_g,KRAS,1,KRAS,SNV,0.687784122107227,0.61,0.732551227000522,18,1,Stage IA,FEMALE,Current reformed smoker for > 15 years
TCGA.97.8171.01,LUAD-TCGA-97-8171,EGFR_g.chr7:55242465_55242479delGGAATTAAGAGAAGC_p.ELREA746del,TCGA-97-8171-01,EGFR_g,EGFR,1,EGFR,SNV,0.421224480378384,0.82,0.625716424611353,107,0,Stage IV,MALE,Current smoker
TCGA.97.8176.01,LUAD-TCGA-97-8176,KRAS_g.chr12:25398285C>T_p.G12S,TCGA-97-8176-01,KRAS_g,KRAS,1,KRAS,SNV,0.450582830959904,0.53,0.359936407062154,468,1,Stage IIIA,MALE,Current reformed smoker for < or = 15 years
TCGA.97.8179.01,LUAD-TCGA-97-8179,None,TCGA-97-8179-01,None,None,0,None,None,0.39677889007647,0.48,0.370955681026065,15,0,Stage IA,MALE,Current reformed smoker for > 15 years
TCGA.97.8547.01,LUAD-TCGA-97-8547,EGFR_g.chr7:55242465_55242479delGGAATTAAGAGAAGC_p.ELREA746del,TCGA-97-8547-01,EGFR_g,EGFR,1,EGFR,SNV,0.529050009256449,0.48,0.764793045597321,657,0,Stage IIIA,FEMALE,Lifelong Non-smoker
TCGA.97.A4M0.01,LUAD-TCGA-97-A4M0,KRAS_g.chr12:25398285C>A_p.G12C,TCGA-97-A4M0-01,KRAS_g,KRAS,1,KRAS,SNV,0.486841048261435,0.55,0.656762009434397,652,0,Stage IB,FEMALE,Current reformed smoker for < or = 15 years
TCGA.97.A4M3.01,LUAD-TCGA-97-A4M3,ARHGAP35_g.chr19:47422924A>T_p.E331V;ARHGAP35_g.chr19:47423821G>T_p.G630V;SOS1_g.chr2:39281778T>A_p.N233Y,TCGA-97-A4M3-01,ARHGAP35_g,ARHGAP35,3,None,None,0.54738454358754,0.69,0.492088162079867,540,0,Stage IA,FEMALE,Current reformed smoker for > 15 years
TCGA.99.AA5R.01,LUAD-TCGA-99-AA5R,None,TCGA-99-AA5R-01,None,None,0,None,None,0.633485633210468,0.96,0.735766865589549,189,0,Stage IA,FEMALE,Current smoker
TCGA.J2.A4AD.01,LUAD-TCGA-J2-A4AD,None,TCGA-J2-A4AD-01,None,None,0,None,None,0.422086147553665,0.57,0.528194953886149,550,1,Stage IA,FEMALE,Current smoker
TCGA.J2.A4AE.01,LUAD-TCGA-J2-A4AE,MET__MET_Exon_Skipping;MET_g.chr7:116412043delG_p.D1028fs,TCGA-J2-A4AE-01,MET__MET_Exon_Skipping,MET,2,MET,fusion,0.639793548401205,0.52,0.710630631795888,282,0,Stage IA,FEMALE,Lifelong Non-smoker
TCGA.L4.A4E5.01,LUAD-TCGA-L4-A4E5,NF1_g.chr17:29652853A>T_p.Q1617H;PDGFRA_CN_High;KIT_CN_High;KDR_CN_High,TCGA-L4-A4E5-01,NF1_g,NF1,4,NF1,SNV,0.587022749153885,0.66,0.743769818062622,578,0,Stage I,FEMALE,Current reformed smoker for < or = 15 years
TCGA.L9.A443.01,LUAD-TCGA-L9-A443,KRAS_g.chr12:25398284C>A_p.G12V,TCGA-L9-A443-01,KRAS_g,KRAS,1,KRAS,SNV,0.622040122803858,0.48,0.828718402566514,116,0,Stage IA,FEMALE,Current reformed smoker for < or = 15 years
TCGA.L9.A50W.01,LUAD-TCGA-L9-A50W,EGFR_g.chr7:55249071C>T_p.T790M;EGFR_g.chr7:55259515T>G_p.L858R,TCGA-L9-A50W-01,EGFR_g,EGFR,2,EGFR,SNV,0.742582210621412,0.76,0.886594022530744,442,1,Stage IIA,MALE,Current reformed smoker for > 15 years
TCGA.L9.A5IP.01,LUAD-TCGA-L9-A5IP,NF1_g.chr17:29576001G>T_Splicing,TCGA-L9-A5IP-01,NF1_g,NF1,1,NF1,SNV,0.286260571295372,0.53,0.013218536592717,58,1,Stage IV,FEMALE,Current reformed smoker for < or = 15 years
TCGA.L9.A7SV.01,LUAD-TCGA-L9-A7SV,None,TCGA-L9-A7SV-01,None,None,0,None,None,0.171888394966023,0.83,0.204829662271914,383,0,Stage IIA,MALE,Current reformed smoker for > 15 years
TCGA.MN.A4N1.01,LUAD-TCGA-MN-A4N1,BRAF_g.chr7:140481417C>A_p.G464V,TCGA-MN-A4N1-01,BRAF_g,BRAF,1,BRAF_act,SNV,0.382952065774829,0.48,0.402941584161514,827,0,Stage IIA,MALE,Current smoker
TCGA.MP.A4SW.01,LUAD-TCGA-MP-A4SW,EGFR_g.chr7:55259515T>G_p.L858R,TCGA-MP-A4SW-01,EGFR_g,EGFR,1,EGFR,SNV,0.533162646865253,0.46,0.65727065718936,1778,1,Stage IIB,MALE,Current reformed smoker for > 15 years
TCGA.MP.A4T6.01,LUAD-TCGA-MP-A4T6,EGFR_g.chr7:55242466_55242474delGAATTAAGA_p.ELR746del,TCGA-MP-A4T6-01,EGFR_g,EGFR,1,EGFR,SNV,0.544954726019401,0.59,0.610564670156136,1790,1,Stage IIIA,FEMALE,Current reformed smoker for > 15 years
TCGA.MP.A4T8.01,LUAD-TCGA-MP-A4T8,KRAS_g.chr12:25398284C>T_p.G12D,TCGA-MP-A4T8-01,KRAS_g,KRAS,1,KRAS,SNV,0.572390476470847,0.59,0.291723436998032,161,1,Stage IIIA,MALE,Current reformed smoker for > 15 years
TCGA.MP.A4TC.01,LUAD-TCGA-MP-A4TC,RASA1_g.chr5:86672758C>T_p.R749*,TCGA-MP-A4TC-01,RASA1_g,RASA1,1,None,None,0.410405326711751,0.45,0.353021887658738,74,1,Stage IIIA,MALE,Current reformed smoker for > 15 years
TCGA.MP.A5C7.01,LUAD-TCGA-MP-A5C7,None,TCGA-MP-A5C7-01,None,None,0,None,None,0.377859505913148,0.87,0.249142121394376,1862,0,Stage IB,FEMALE,Current reformed smoker for > 15 years
TCGA.NJ.A4YF.01,LUAD-TCGA-NJ-A4YF,None,TCGA-NJ-A4YF-01,None,None,0,None,None,0.380540424655868,0.55,0.294993095002927,2161,0,Stage IA,FEMALE,Current reformed smoker for > 15 years
TCGA.NJ.A4YI.01,LUAD-TCGA-NJ-A4YI,KRAS_g.chr12:25398285C>A_p.G12C,TCGA-NJ-A4YI-01,KRAS_g,KRAS,1,KRAS,SNV,0.526833035122978,0.58,0.76281992674902,4,1,Stage IIIA,FEMALE,Current reformed smoker for > 15 years
TCGA.NJ.A7XG.01,LUAD-TCGA-NJ-A7XG,ROS1__EZR__ROS1,TCGA-NJ-A7XG-01,ROS1__EZR__ROS1,ROS1,1,ROS1,fusion,0.71648381601988,0.62,0.755373495654873,295,0,Stage IIIA,MALE,Current reformed smoker for > 15 years
TCGA.O1.A52J.01,LUAD-TCGA-O1-A52J,EGFR_g.chr7:55242469_55242488delTTAAGAGAAGCAACATCTCC>CA_p.747_753LREATSP>Q,TCGA-O1-A52J-01,EGFR_g,EGFR,1,EGFR,SNV,0.480481250173728,0.5,0.657715726527743,NA,NA,,,
